<?xml version="1.0" encoding="UTF-8"?>
<project-private xmlns="http://www.netbeans.org/ns/project-private/1">
    <editor-bookmarks xmlns="http://www.netbeans.org/ns/editor-bookmarks/2" lastBookmarkId="0"/>
    <open-files xmlns="http://www.netbeans.org/ns/projectui-open-files/2">
        <group>
            <file>file:/F:/Level3,Term2/CSE%20322%20(Computer%20Networks%20Sessional)/1405035/FileTransfer/src/Client/Clientsender.java</file>
            <file>file:/F:/Level3,Term2/CSE%20322%20(Computer%20Networks%20Sessional)/1405035/FileTransfer/src/filetransfer/ClientThread.java</file>
        </group>
    </open-files>
</project-private>
