<?xml version="1.0" encoding="UTF-8"?>
<project-private xmlns="http://www.netbeans.org/ns/project-private/1">
    <editor-bookmarks xmlns="http://www.netbeans.org/ns/editor-bookmarks/2" lastBookmarkId="0"/>
    <open-files xmlns="http://www.netbeans.org/ns/projectui-open-files/2">
        <group>
            <file>file:/H:/Programming/Networking/offline2/1405057/NetworkingFTPAssignment/src/networkingftpassignment/FTPClint.java</file>
            <file>file:/H:/Programming/Networking/offline2/1405057/NetworkingFTPAssignment/src/networkingftpassignment/helper.java</file>
            <file>file:/H:/Programming/Networking/offline2/1405057/NetworkingFTPAssignment/src/networkingftpassignment/FTPServerUtilities.java</file>
            <file>file:/H:/Programming/Networking/offline2/1405057/NetworkingFTPAssignment/src/networkingftpassignment/DLLHelper.java</file>
            <file>file:/H:/Programming/Networking/offline2/1405057/NetworkingFTPAssignment/src/networkingftpassignment/FTPServer.java</file>
        </group>
    </open-files>
</project-private>
