<?xml version="1.0" encoding="UTF-8"?>
<project-private xmlns="http://www.netbeans.org/ns/project-private/1">
    <editor-bookmarks xmlns="http://www.netbeans.org/ns/editor-bookmarks/2" lastBookmarkId="0"/>
    <open-files xmlns="http://www.netbeans.org/ns/projectui-open-files/2">
        <group>
            <file>file:/G:/10101010101010/L3T2/Computer%20Networks%20Sessional/ASSIGNMENT_2/DLLAssignment/src/data/link/layer/assignment/profileController.java</file>
            <file>file:/G:/10101010101010/L3T2/Computer%20Networks%20Sessional/ASSIGNMENT_2/DLLAssignment/src/data/link/layer/assignment/DataLinkLayerAssignment.java</file>
        </group>
    </open-files>
</project-private>
