<?xml version="1.0" encoding="UTF-8"?>
<project-private xmlns="http://www.netbeans.org/ns/project-private/1">
    <editor-bookmarks xmlns="http://www.netbeans.org/ns/editor-bookmarks/2" lastBookmarkId="0"/>
    <open-files xmlns="http://www.netbeans.org/ns/projectui-open-files/2">
        <group>
            <file>file:/H:/intelijii/Socket/src/messenger/Server.java</file>
            <file>file:/H:/intelijii/Socket/src/messenger/Frame.java</file>
            <file>file:/H:/intelijii/Socket/src/messenger/ServerIO.java</file>
            <file>file:/H:/intelijii/Socket/src/messenger/Chunk.java</file>
            <file>file:/H:/intelijii/Socket/src/messenger/Write.java</file>
            <file>file:/H:/intelijii/Socket/src/messenger/Read.java</file>
        </group>
    </open-files>
</project-private>
