<?xml version="1.0" encoding="UTF-8"?>
<project-private xmlns="http://www.netbeans.org/ns/project-private/1">
    <editor-bookmarks xmlns="http://www.netbeans.org/ns/editor-bookmarks/2" lastBookmarkId="0"/>
    <open-files xmlns="http://www.netbeans.org/ns/projectui-open-files/2">
        <group>
            <file>file:/C:/Users/ASUS/Desktop/Study/Networking_Sessional/Assignment1/Server/src/server/clientProcessByte.java</file>
            <file>file:/C:/Users/ASUS/Desktop/Study/Networking_Sessional/Assignment1/Server/src/server/LoginController.java</file>
            <file>file:/C:/Users/ASUS/Desktop/Study/Networking_Sessional/Assignment1/Server/src/server/showServer.fxml</file>
            <file>file:/C:/Users/ASUS/Desktop/Study/Networking_Sessional/Assignment1/Server/src/server/FXMLController.java</file>
            <file>file:/C:/Users/ASUS/Desktop/Study/Networking_Sessional/Assignment1/Server/src/server/ShowServerController.java</file>
            <file>file:/C:/Users/ASUS/Desktop/Study/Networking_Sessional/Assignment1/Server/src/server/Client.java</file>
            <file>file:/C:/Users/ASUS/Desktop/Study/Networking_Sessional/Assignment1/Server/src/server/getSequenceFromServer.java</file>
            <file>file:/C:/Users/ASUS/Desktop/Study/Networking_Sessional/Assignment1/Server/src/server/Server.java</file>
            <file>file:/C:/Users/ASUS/Desktop/Study/Networking_Sessional/Assignment1/Server/src/server/FileSendController.java</file>
            <file>file:/C:/Users/ASUS/Desktop/Study/Networking_Sessional/Assignment1/Server/src/server/timeThread.java</file>
            <file>file:/C:/Users/ASUS/Desktop/Study/Networking_Sessional/Assignment1/Server/src/server/loginThread.java</file>
            <file>file:/C:/Users/ASUS/Desktop/Study/Networking_Sessional/Assignment1/Server/src/server/clientOnlineThread.java</file>
            <file>file:/C:/Users/ASUS/Desktop/Study/Networking_Sessional/Assignment1/Server/src/server/loginInfoThread.java</file>
            <file>file:/C:/Users/ASUS/Desktop/Study/Networking_Sessional/Assignment1/Server/src/server/clientThread.java</file>
            <file>file:/C:/Users/ASUS/Desktop/Study/Networking_Sessional/Assignment1/Server/src/server/serverProcessByte.java</file>
            <file>file:/C:/Users/ASUS/Desktop/Study/Networking_Sessional/Assignment1/Server/src/server/serverThread.java</file>
        </group>
    </open-files>
</project-private>
