<?xml version="1.0" encoding="UTF-8"?>
<project-private xmlns="http://www.netbeans.org/ns/project-private/1">
    <editor-bookmarks xmlns="http://www.netbeans.org/ns/editor-bookmarks/2" lastBookmarkId="0"/>
    <open-files xmlns="http://www.netbeans.org/ns/projectui-open-files/2">
        <group>
            <file>file:/H:/BOOKS/L3T2/Computer%20Networks%20Sessional/OURS/Assignment%202/1405036/src/ClientPack/ClientController.java</file>
            <file>file:/H:/BOOKS/L3T2/Computer%20Networks%20Sessional/OURS/Assignment%202/1405036/src/DataPack/FrameCreator.java</file>
            <file>file:/H:/BOOKS/L3T2/Computer%20Networks%20Sessional/OURS/Assignment%202/1405036/src/ServerPack/Server.java</file>
            <file>file:/H:/BOOKS/L3T2/Computer%20Networks%20Sessional/OURS/Assignment%202/1405036/src/DataPack/DataClass.java</file>
        </group>
    </open-files>
</project-private>
