<?xml version="1.0" encoding="UTF-8"?>
<project-private xmlns="http://www.netbeans.org/ns/project-private/1">
    <editor-bookmarks xmlns="http://www.netbeans.org/ns/editor-bookmarks/2" lastBookmarkId="0"/>
    <open-files xmlns="http://www.netbeans.org/ns/projectui-open-files/2">
        <group>
            <file>file:/G:/cse/Level-3,%20Term-2/Networking%20Sessional/OfflineNetworking/src/offlinenetworking/Client.java</file>
            <file>file:/G:/cse/Level-3,%20Term-2/Networking%20Sessional/OfflineNetworking/src/offlinenetworking/RecieveClient.java</file>
            <file>file:/G:/cse/Level-3,%20Term-2/Networking%20Sessional/OfflineNetworking/src/offlinenetworking/Server.java</file>
        </group>
    </open-files>
</project-private>
