<?xml version="1.0" encoding="UTF-8"?>
<project-private xmlns="http://www.netbeans.org/ns/project-private/1">
    <editor-bookmarks xmlns="http://www.netbeans.org/ns/editor-bookmarks/2" lastBookmarkId="0"/>
    <open-files xmlns="http://www.netbeans.org/ns/projectui-open-files/2">
        <group>
            <file>file:/D:/Level%203%20Term%202/CSE%20322%20Computer%20Networks%20Sessional/Assignment2/Offline2/ServerSide/src/clientside/ClientSide.java</file>
            <file>file:/D:/Level%203%20Term%202/CSE%20322%20Computer%20Networks%20Sessional/Assignment2/Offline2/ServerSide/src/serverside/FileInfo.java</file>
            <file>file:/D:/Level%203%20Term%202/CSE%20322%20Computer%20Networks%20Sessional/Assignment2/Offline2/ServerSide/src/serverside/ServerSide.java</file>
            <file>file:/D:/Level%203%20Term%202/CSE%20322%20Computer%20Networks%20Sessional/Assignment2/Offline2/ServerSide/src/serverside/ServerThread.java</file>
        </group>
    </open-files>
</project-private>
