<?xml version="1.0" encoding="UTF-8"?>
<project-private xmlns="http://www.netbeans.org/ns/project-private/1">
    <editor-bookmarks xmlns="http://www.netbeans.org/ns/editor-bookmarks/2" lastBookmarkId="0"/>
    <open-files xmlns="http://www.netbeans.org/ns/projectui-open-files/2">
        <group>
            <file>file:/G:/3-2/CSE%20322%20CN%20sessoinal/from_sever/src/from_client.java</file>
            <file>file:/G:/3-2/CSE%20322%20CN%20sessoinal/from_sever/src/from_sever/From_sever.java</file>
        </group>
    </open-files>
</project-private>
