<?xml version="1.0" encoding="UTF-8"?>
<project-private xmlns="http://www.netbeans.org/ns/project-private/1">
    <editor-bookmarks xmlns="http://www.netbeans.org/ns/editor-bookmarks/2" lastBookmarkId="2">
        <file>
            <url>src/server/serverController.java</url>
            <bookmark id="1">
                <name/>
                <line>737</line>
                <key/>
            </bookmark>
            <bookmark id="2">
                <name/>
                <line>890</line>
                <key/>
            </bookmark>
        </file>
    </editor-bookmarks>
    <open-files xmlns="http://www.netbeans.org/ns/projectui-open-files/2">
        <group>
            <file>file:/home/main/NetBeansProjects/offline/server/src/server/serverController.java</file>
        </group>
    </open-files>
</project-private>
