<?xml version="1.0" encoding="UTF-8"?>
<project-private xmlns="http://www.netbeans.org/ns/project-private/1">
    <editor-bookmarks xmlns="http://www.netbeans.org/ns/editor-bookmarks/2" lastBookmarkId="0"/>
    <open-files xmlns="http://www.netbeans.org/ns/projectui-open-files/2">
        <group>
            <file>file:/home/saad/1405031/1405031final/src/FileTransmitter/clientReaderWriter.java</file>
            <file>file:/home/saad/1405031/1405031final/src/FileTransmitter/Server.java</file>
            <file>file:/home/saad/1405031/1405031final/src/FileTransmitter/Client.java</file>
            <file>file:/home/saad/1405031/1405031final/src/FileTransmitter/Frame.java</file>
        </group>
    </open-files>
</project-private>
