<?xml version="1.0" encoding="UTF-8"?>
<project-private xmlns="http://www.netbeans.org/ns/project-private/1">
    <editor-bookmarks xmlns="http://www.netbeans.org/ns/editor-bookmarks/2" lastBookmarkId="0"/>
    <open-files xmlns="http://www.netbeans.org/ns/projectui-open-files/2">
        <group>
            <file>file:/F:/New%20folder%20(2)/Networking/src/Client.java</file>
            <file>file:/F:/New%20folder%20(2)/Networking/src/Clienthelp.java</file>
            <file>file:/F:/New%20folder%20(2)/Networking/src/Server.java</file>
            <file>file:/F:/New%20folder%20(2)/Networking/src/CreateClientConnection.java</file>
            <file>file:/F:/New%20folder%20(2)/Networking/src/ServerReaderWriter.java</file>
            <file>file:/F:/New%20folder%20(2)/Networking/src/Information.java</file>
        </group>
    </open-files>
</project-private>
